loggingTime,loggingSample,locationTimestamp_since1970,locationLatitude,locationLongitude,locationAltitude,locationSpeed,locationCourse,locationVerticalAccuracy,locationHorizontalAccuracy,locationFloor,locationHeadingTimestamp_since1970,locationHeadingX,locationHeadingY,locationHeadingZ,locationTrueHeading,locationMagneticHeading,locationHeadingAccuracy,accelerometerTimestamp_sinceReboot,accelerometerAccelerationX,accelerometerAccelerationY,accelerometerAccelerationZ,gyroTimestamp_sinceReboot,gyroRotationX,gyroRotationY,gyroRotationZ
2015-05-21 13:10:50.805,1,1432177850.356696,-33.88897052969214,151.1932511163421,13.85071,0,306.9140625,8,5,-9999,1432177850.80165,7.304962158203125,-18.03312301635742,36.95903015136719,215.5890808105469,203.0384979248047,25,8186.806962125001,0.0009002685546875,0.016448974609375,-0.9961090087890625,8186.806657125,-0.05471198143458787,-0.06588261062692523,0.05944441869165867
2015-05-21 13:10:50.863,2,1432177850.356696,-33.88897052969214,151.1932511163421,13.85071,0,306.9140625,8,5,-9999,1432177850.840494,7.2703857421875,-18.06758499145508,36.4615364074707,215.947265625,203.3966827392578,25,8186.865169125001,0.0337677001953125,-0.0099029541015625,-1.055160522460938,8186.839772125,-0.1534825009951196,-0.1092476616050125,0.04454456502488335
2015-05-21 13:10:50.920,3,1432177850.356696,-33.88897052969214,151.1932511163421,13.85071,0,306.9140625,8,5,-9999,1432177850.919177,7.892608642578125,-17.7230339050293,36.66053771972656,216.6676483154297,204.1170654296875,25,8186.923396125,0.0294036865234375,-0.005035400390625,-1.060195922851562,8186.906025125,0.1379749139675882,-0.2881204741168386,-0.02173459028835468
2015-05-21 13:10:50.979,4,1432177850.356696,-33.88897052969214,151.1932511163421,13.85071,0,306.9140625,8,5,-9999,1432177850.958617,8.0308837890625,-18.06758499145508,36.92586517333984,216.4610137939453,203.9104309082031,25,8186.981617125,0.0027313232421875,-0.023590087890625,-0.996490478515625,8186.972249125,0.1429339862334248,-0.1035282568479583,0.03307166704882199
2015-05-21 13:10:51.047,5,1432177850.356696,-33.88897052969214,151.1932511163421,13.85071,0,306.9140625,8,5,-9999,1432177851.037863,8.75689697265625,-18.44659042358398,36.42837524414062,216.5545501708984,204.0039672851562,25,8187.039845125,0.0110931396484375,0.001617431640625,-1.041458129882812,8187.038484125001,-0.03404132400171984,-0.03470897848700271,0.03591618940913563
2015-05-21 13:10:51.095,6,1432177850.356696,-33.88897052969214,151.1932511163421,13.85071,0,306.9140625,8,5,-9999,1432177851.076965,8.480316162109375,-17.82639694213867,36.49470520019531,216.8119506835938,204.2613677978516,25,8187.098042125001,0.006134033203125,-0.004241943359375,-1.00848388671875,8187.071614125,0.094778973718721,-0.1480749524017137,0.02993286538805461
2015-05-21 13:10:51.153,7,1432177850.356696,-33.88897052969214,151.1932511163421,13.85071,0,306.9140625,8,5,-9999,1432177851.117104,8.8260498046875,-17.96421432495117,36.22937393188477,216.9945068359375,204.4439239501953,25,8187.156271125001,-0.01727294921875,-0.0054779052734375,-1.0091552734375,8187.137837125,-0.005662679425835484,-0.004619785542960455,0.03559394691723605
2015-05-21 13:10:51.211,8,1432177850.356696,-33.88897052969214,151.1932511163421,13.85071,0,306.9140625,8,5,-9999,1432177851.194987,8.964324951171875,-18.44659042358398,36.03038024902344,217.0293579101562,204.4787750244141,25,8187.214498125,-0.0099945068359375,-0.0086517333984375,-0.99566650390625,8187.204075125001,-0.07346782604368891,0.02306350767230422,0.02150955317624298
2015-05-21 13:10:51.284,9,1432177850.356696,-33.88897052969214,151.1932511163421,13.85071,0,306.9140625,8,5,-9999,1432177851.273749,8.653167724609375,-18.27431106567383,35.99721527099609,216.99951171875,204.4489288330078,25,8187.272725125001,0.001739501953125,-0.0076141357421875,-1.060806274414062,8187.270314125,0.4268027236699519,-0.1320592342381952,-0.07624550306064157
2015-05-21 13:10:51.328,10,1432177850.356696,-33.88897052969214,151.1932511163421,13.85071,0,306.9140625,8,5,-9999,1432177851.311286,8.964324951171875,-17.41292953491211,36.42837524414062,217.6225891113281,205.0720062255859,25,8187.330952125,-0.006378173828125,-0.0227508544921875,-1.099533081054688,8187.303433125,0.5512770088074924,-0.2901966745026643,-0.1201005756793034
2015-05-21 13:10:51.386,11,1432177851.355277,-33.88897052969214,151.1932511163421,13.93994,0,306.9140625,8,5,-9999,1432177851.350615,8.998931884765625,-16.00027847290039,36.66053771972656,217.8268890380859,205.2763061523438,25,8187.389180125,-0.0377349853515625,-0.0895233154296875,-1.036773681640625,8187.369679125,0.9610693236467811,-0.5172205047875591,-0.1629545660442045
2015-05-21 13:10:51.444,12,1432177851.355277,-33.88897052969214,151.1932511163421,13.93994,0,306.9140625,8,5,-9999,1432177851.429756,11.695556640625,-11.86564254760742,35.13489151000977,222.8166046142578,210.2660217285156,25,8187.447407125001,-0.066009521484375,-0.1663665771484375,-1.005844116210938,8187.435916125,1.280644659714655,-1.256714293107529,0.1254378168199312
2015-05-21 13:10:51.503,13,1432177851.355277,-33.88897052969214,151.1932511163421,13.93994,0,306.9140625,8,5,-9999,1432177851.468855,13.80447387695312,-9.694957733154297,33.77508544921875,226.0220489501953,213.4714660644531,25,8187.505625125001,-0.174163818359375,-0.2721710205078125,-1.073562622070312,8187.502156125001,1.203251866856407,-1.094626852314255,0.01689935501320682
2015-05-21 13:10:51.561,14,1432177851.355277,-33.88897052969214,151.1932511163421,13.93994,0,306.9140625,8,5,-9999,1432177851.547545,18.22970581054688,-5.560337066650391,28.66750907897949,232.9559783935547,220.4053955078125,25,8187.563863125,-0.311767578125,-0.3010101318359375,-0.9147491455078125,8187.535267125,1.963099130123417,-2.223691573316542,-0.1627676121356809
2015-05-21 13:10:51.619,15,1432177851.355277,-33.88897052969214,151.1932511163421,13.93994,0,306.9140625,8,5,-9999,1432177851.586968,20.23492431640625,-2.597187042236328,24.82024383544922,235.9686584472656,223.4180755615234,25,8187.622065125001,-0.32891845703125,-0.39581298828125,-0.6470947265625,8187.601503125001,2.187436896132858,-2.144528843597828,-0.4125705244884594
2015-05-21 13:10:51.685,16,1432177851.355277,-33.88897052969214,151.1932511163421,13.93994,0,306.9140625,8,5,-9999,1432177851.666347,23.93415832519531,4.052665710449219,17.02621078491211,257.4687194824219,244.9181213378906,25,8187.680288125001,-0.3380584716796875,-0.39947509765625,-0.7274017333984375,8187.667744125,1.633751324435498,-0.9260418310934049,-0.8133578927338632
2015-05-21 13:10:51.735,17,1432177851.355277,-33.88897052969214,151.1932511163421,13.93994,0,306.9140625,8,5,-9999,1432177851.705258,25.35163879394531,6.843532562255859,14.07442760467529,264.3753967285156,251.8247985839844,25,8187.738514125001,-0.5396728515625,-0.559967041015625,-0.8363494873046875,8187.733967125,1.928727840462636,-2.078688310916126,-0.9688566729902818
2015-05-21 13:10:51.794,18,1432177851.355277,-33.88897052969214,151.1932511163421,13.93994,0,306.9140625,8,5,-9999,1432177851.785115,26.76911926269531,12.80428695678711,3.958774566650391,278.6969909667969,266.1463928222656,25,8187.796742125,-0.4920196533203125,-0.6490020751953125,-0.6267242431640625,8187.767088125001,1.791377171454563,-2.361868887526977,-1.230512782722785
2015-05-21 13:10:51.852,19,1432177851.355277,-33.88897052969214,151.1932511163421,13.93994,0,306.9140625,8,5,-9999,1432177851.824205,26.21597290039062,16.38763046264648,-3.006101608276367,288.1589965820312,275.6083984375,25,8187.854970125,-0.4774322509765625,-0.7164459228515625,-0.479461669921875,8187.833333125001,1.01714191408229,-3.434359278544384,-2.088803263052356
2015-05-21 13:10:51.924,20,1432177851.355277,-33.88897052969214,151.1932511163421,13.93994,0,306.9140625,8,5,-9999,1432177851.901883,20.89179992675781,22.58957672119141,-17.79817581176758,305.4213256835938,292.8707275390625,25,8187.913198125,-0.56646728515625,-0.7246551513671875,-0.3157196044921875,8187.899586125,1.455031111054133,-4.77287735822366,-1.848435930441728
2015-05-21 13:10:51.968,21,1432177851.355277,-33.88897052969214,151.1932511163421,13.93994,0,306.9140625,8,5,-9999,1432177851.941236,15.7059326171875,24.86362075805664,-25.89070129394531,314.1097106933594,301.5591125488281,25,8187.971426125,-0.2896270751953125,-0.795806884765625,-0.0132904052734375,8187.965809125,0.8394273103285399,-3.726310443573193,-2.418665857778988
2015-05-21 13:10:52.027,22,1432177851.355277,-33.88897052969214,151.1932511163421,13.93994,0,306.9140625,8,5,-9999,1432177852.019747,-0.3702392578125,28.48142242431641,-37.0013427734375,335.0594177246094,322.5088195800781,25,8188.029622125,-0.33062744140625,-0.871368408203125,0.1455535888671875,8187.998931125,0.02263820084621856,-4.126711919776644,-2.408874479715202
2015-05-21 13:10:52.086,23,1432177851.355277,-33.88897052969214,151.1932511163421,13.93994,0,306.9140625,8,5,-9999,1432177852.059512,-9.981353759765625,30.27309036254883,-39.32297515869141,346.5671997070312,334.0166015625,25,8188.087849125001,0.019256591796875,-0.9643096923828125,-0.0203857421875,8188.065175125001,-0.3059615228914974,-3.165993600761535,-2.332396216375288
2015-05-21 13:10:52.143,24,1432177851.355277,-33.88897052969214,151.1932511163421,13.93994,0,306.9140625,8,5,-9999,1432177852.138227,-25.81549072265625,31.51347732543945,-39.1903076171875,12.10225105285645,359.5516662597656,25,8188.146074125,0.0284576416015625,-0.993194580078125,0.1569366455078125,8188.131398125,-0.394341985775194,-3.129957302787237,-2.585213294449818
2015-05-21 13:10:52.201,25,1432177851.355277,-33.88897052969214,151.1932511163421,13.93994,0,306.9140625,8,5,-9999,1432177852.177519,-32.0731201171875,31.27229309082031,-37.69784164428711,22.22929763793945,9.678713798522949,25,8188.204304125001,0.238372802734375,-0.9638214111328125,-0.0049591064453125,8188.197651125,0.3248678361021879,-0.9402039891382283,-0.9549650921122105
2015-05-21 13:10:52.260,26,1432177851.355277,-33.88897052969214,151.1932511163421,13.93994,0,306.9140625,8,5,-9999,1432177852.256261,-41.75338745117188,29.48061943054199,-34.51389312744141,37.08030319213867,24.52971839904785,25,8188.262532125001,0.4084930419921875,-0.9720001220703125,0.0796661376953125,8188.263875125001,-1.05281548951612,-1.511149241544283,-1.157541636222396
2015-05-21 13:10:52.327,27,1432177851.355277,-33.88897052969214,151.1932511163421,13.93994,0,306.9140625,8,5,-9999,1432177852.293926,-44.31173706054688,29.27388381958008,-32.32492828369141,42.98696136474609,30.43637847900391,25,8188.320759125,0.316864013671875,-1.047409057617188,0.067596435546875,8188.297000125001,-2.05014641456542,-0.3256558654687424,0.05844946170840507
2015-05-21 13:10:52.376,28,1432177852.312229,-33.88897052969214,151.1932511163421,13.99213,0,306.9140625,8,5,-9999,1432177852.372852,-45.1414794921875,31.41011810302734,-22.83942413330078,43.40933990478516,30.8587532043457,25,8188.378987125,0.1676483154296875,-0.8641204833984375,-0.271759033203125,8188.363240125001,-3.999120937215384,-0.4637929659467164,-0.1612746440285825
2015-05-21 13:10:52.435,29,1432177852.312229,-33.88897052969214,151.1932511163421,13.99213,0,306.9140625,8,5,-9999,1432177852.412196,-44.83035278320312,32.61605072021484,-16.23937225341797,43.28649139404297,30.73590850830078,25,8188.437210416667,0.217071533203125,-0.8311920166015625,-0.5175323486328125,8188.429459416667,-2.009001640988131,-0.555096780758993,0.4014630122139569
2015-05-21 13:10:52.492,30,1432177852.312229,-33.88897052969214,151.1932511163421,13.99213,0,306.9140625,8,5,-9999,1432177852.490889,-44.00064086914062,32.89168548583984,-4.631242752075195,43.05487823486328,30.50429534912109,25,8188.495446416667,0.3161163330078125,-0.8676300048828125,-0.559600830078125,8188.495713416667,-3.190305332036759,-0.9950866791986902,1.271303355875093
2015-05-21 13:10:52.566,31,1432177852.312229,-33.88897052969214,151.1932511163421,13.99213,0,306.9140625,8,5,-9999,1432177852.530111,-41.2694091796875,32.44377136230469,0.9738235473632812,42.08676910400391,29.53618240356445,25,8188.553665416667,0.1054534912109375,-0.776123046875,-0.8651123046875,8188.528824416667,-2.827703432765348,-1.295490983843519,2.345207885431332
2015-05-21 13:10:52.609,32,1432177852.312229,-33.88897052969214,151.1932511163421,13.99213,0,306.9140625,8,5,-9999,1432177852.569451,-35.80694580078125,31.41011428833008,7.47437572479248,38.54175186157227,25.99116706848145,25,8188.611893416667,-0.0182037353515625,-0.5092620849609375,-0.82342529296875,8188.595047416668,-1.587105791626651,-1.13637110345292,5.206051694801626
2015-05-21 13:10:52.668,33,1432177852.312229,-33.88897052969214,151.1932511163421,13.99213,0,306.9140625,8,5,-9999,1432177852.648837,-15.9969482421875,28.96379089355469,16.99304389953613,23.51934432983398,10.96876049041748,25,8188.670106416667,-0.3468170166015625,-0.1918487548828125,-0.832244873046875,8188.661301416667,-1.408796504001486,-1.333388831419783,7.762900459429337
2015-05-21 13:10:52.727,34,1432177852.312229,-33.88897052969214,151.1932511163421,13.99213,0,306.9140625,8,5,-9999,1432177852.687706,-2.721099853515625,24.41569900512695,19.18200874328613,11.41075325012207,358.8601684570312,25,8188.728348416667,-0.6095123291015625,-0.0072784423828125,-0.8777923583984375,8188.727519416667,-0.06689035078341121,-0.1471231386281194,5.488693513923954
2015-05-21 13:10:52.784,35,1432177852.312229,-33.88897052969214,151.1932511163421,13.99213,0,306.9140625,8,5,-9999,1432177852.767524,18.78289794921875,10.56470108032227,19.24833869934082,328.7214965820312,316.1708984375,25,8188.786578416667,-0.6119842529296875,0.044708251953125,-0.8427886962890625,8188.760666416667,0.4145796132148152,-0.07927431616838869,5.411611511964918
2015-05-21 13:10:52.842,36,1432177852.312229,-33.88897052969214,151.1932511163421,13.99213,0,306.9140625,8,5,-9999,1432177852.80567,24.21075439453125,3.225738525390625,18.6181812286377,306.1744995117188,293.6239013671875,25,8188.844804416667,-0.422576904296875,0.1519927978515625,-0.8634033203125,8188.826891416667,0.9206830183479475,-0.09651215895614457,3.870265219452445
2015-05-21 13:10:52.900,37,1432177852.312229,-33.88897052969214,151.1932511163421,13.99213,0,306.9140625,8,5,-9999,1432177852.884435,29.63862609863281,-9.970623016357422,17.12570571899414,276.5525512695312,264.001953125,25,8188.903017416667,-0.47027587890625,0.269805908203125,-0.87548828125,8188.893143416667,1.542673079367551,-0.654850805710091,3.405593410346002
2015-05-21 13:10:52.968,38,1432177852.312229,-33.88897052969214,151.1932511163421,13.99213,0,306.9140625,8,5,-9999,1432177852.96335,32.64643859863281,-19.3079948425293,14.57192230224609,259.291259765625,246.7406616210938,25,8188.961259416667,-0.470245361328125,0.2342071533203125,-0.8831329345703125,8188.959370416667,1.861149595169658,-1.566990935913282,2.515585214065805
2015-05-21 13:10:53.016,39,1432177852.312229,-33.88897052969214,151.1932511163421,13.99213,0,306.9140625,8,5,-9999,1432177853.00266,34.54792785644531,-22.30560684204102,11.62013721466064,252.9845123291016,240.4339294433594,25,8189.019456416667,-0.578369140625,0.3383026123046875,-0.8000946044921875,8188.992478416667,2.426801548593071,-2.953064017913667,2.226704940089967
2015-05-21 13:10:53.075,40,1432177852.312229,-33.88897052969214,151.1932511163421,13.99213,0,306.9140625,8,5,-9999,1432177853.042487,36.76055908203125,-24.78637313842773,6.711555480957031,248.0161895751953,235.4656066894531,25,8189.077683416667,-0.89996337890625,0.3051300048828125,-0.5018463134765625,8189.058731416667,2.223193295876589,-4.303969791403446,2.529701033107661
2015-05-21 13:10:53.133,41,1432177852.312229,-33.88897052969214,151.1932511163421,13.99213,0,306.9140625,8,5,-9999,1432177853.120662,39.63006591796875,-31.0916862487793,-7.848356246948242,234.9718780517578,222.4212951660156,25,8189.135910416667,-0.9217681884765625,0.201904296875,-0.196624755859375,8189.124968416667,1.860474483833322,-5.290221433685798,-1.01108854892454
2015-05-21 13:10:53.209,42,1432177852.312229,-33.88897052969214,151.1932511163421,13.99213,0,306.9140625,8,5,-9999,1432177853.199447,37.1754150390625,-27.26715469360352,-28.24549865722656,236.5331878662109,223.9826049804688,25,8189.194138416668,-1.219451904296875,0.0703582763671875,-0.1491241455078125,8189.191180416668,0.7758009297771298,-5.503130510193273,-2.666514808839975
2015-05-21 13:10:53.249,43,1432177852.312229,-33.88897052969214,151.1932511163421,13.99213,0,306.9140625,8,5,-9999,1432177853.238889,32.54270935058594,-20.99631118774414,-39.19030380249023,242.9327697753906,230.3821868896484,25,8189.252365416667,-0.816619873046875,-0.1525115966796875,0.169647216796875,8189.224320416667,-0.1325039821402385,-5.564446598499039,-3.886481739962155
2015-05-21 13:10:53.307,44,1432177853.286216,-33.88897052969214,151.1932511163421,14.05029,0,306.9140625,8,5,-9999,1432177853.278405,24.59104919433594,-12.52032852172852,-48.94112396240234,256.7444458007812,244.19384765625,25,8189.310608416667,-0.58966064453125,-0.505889892578125,0.53424072265625,8189.290539416667,-0.8464042597523295,-6.167167357451374,-5.179807307523332
2015-05-21 13:10:53.369,45,1432177853.286216,-33.88897052969214,151.1932511163421,14.05029,0,306.9140625,8,5,-9999,1432177853.354778,-2.5828857421875,2.846706390380859,-60.88092041015625,242.9649810791016,230.4143981933594,25,8189.368851416667,-0.1004486083984375,-0.6923980712890625,0.7194061279296875,8189.356797416667,-0.9502121485147461,-4.91176174170351,-7.802705130346097
2015-05-21 13:10:53.424,46,1432177853.286216,-33.88897052969214,151.1932511163421,14.05029,0,306.9140625,8,5,-9999,1432177853.394339,-17.96759033203125,6.395595550537109,-61.24575042724609,344.4119873046875,331.8613891601562,25,8189.427069416667,-0.1235198974609375,-0.874114990234375,0.859649658203125,8189.423020416667,-2.940591102948281,-2.042341222042616,-5.859165320532658
2015-05-21 13:10:53.482,47,1432177853.286216,-33.88897052969214,151.1932511163421,14.05029,0,306.9140625,8,5,-9999,1432177853.473444,-42.41030883789062,9.255378723144531,-53.45172119140625,48.01473236083984,35.46414947509766,25,8189.485307416667,0.304443359375,-0.9332275390625,0.4800567626953125,8189.456131416667,-4.985963801259733,-2.901786981653063,-6.494657341962855
2015-05-21 13:10:53.540,48,1432177853.286216,-33.88897052969214,151.1932511163421,14.05029,0,306.9140625,8,5,-9999,1432177853.512565,-51.71029663085938,12.11516189575195,-45.72402954101562,62.18792724609375,49.63734436035156,25,8189.543524416667,0.624298095703125,-0.8096771240234375,0.1627960205078125,8189.522368416667,-6.289349459838684,-2.84814479202836,-0.1573898909464839
2015-05-21 13:10:53.608,49,1432177853.286216,-33.88897052969214,151.1932511163421,14.05029,0,306.9140625,8,5,-9999,1432177853.591021,-57.10357666015625,21.76263046264648,-24.36506652832031,61.38209533691406,48.83151245117188,25,8189.601762416667,0.72186279296875,-0.63427734375,-0.616607666015625,8189.588608416667,-5.295012993119069,-1.663032247988701,3.71878408401652
2015-05-21 13:10:53.657,50,1432177853.286216,-33.88897052969214,151.1932511163421,14.05029,0,306.9140625,8,5,-9999,1432177853.630424,-51.81399536132812,27.58556365966797,-13.58609008789062,51.82374572753906,39.27315902709961,25,8189.659959416667,0.29266357421875,-0.65966796875,-0.55023193359375,8189.654862416667,-3.786538364257553,-2.251028921906206,6.345360531253013
2015-05-21 13:10:53.716,51,1432177853.286216,-33.88897052969214,151.1932511163421,14.05029,0,306.9140625,8,5,-9999,1432177853.709176,-27.06011962890625,35.30353164672852,2.665290832519531,29.58079528808594,17.03021049499512,25,8189.718186416667,-0.224822998046875,-0.5194854736328125,-0.8176727294921875,8189.687974416667,-1.793775348016179,-2.002234814974349,7.20528672512411
2015-05-21 13:10:53.773,52,1432177853.286216,-33.88897052969214,151.1932511163421,14.05029,0,306.9140625,8,5,-9999,1432177853.751512,-12.12481689453125,35.23462295532227,5.053248405456543,15.71648597717285,3.165901184082031,25,8189.776413416667,-0.42388916015625,-0.33111572265625,-0.90423583984375,8189.754227416667,2.555691088501854,0.1367687683098913,5.367145243876083
2015-05-21 13:10:53.848,53,1432177853.286216,-33.88897052969214,151.1932511163421,14.05029,0,306.9140625,8,5,-9999,1432177853.827323,6.924591064453125,33.4774055480957,-5.59306526184082,343.4439392089844,330.8933410644531,25,8189.834641416667,-0.6365509033203125,-0.6413421630859375,-0.248077392578125,8189.820450416667,4.397553005792721,-0.1144458857367382,-0.009583651498759147
2015-05-21 13:10:53.890,54,1432177853.286216,-33.88897052969214,151.1932511163421,14.05029,0,306.9140625,8,5,-9999,1432177853.86667,24.60577392578125,50.26828002929688,-1.773735046386719,358.3915405273438,345.8409423828125,15,8189.892869416667,-0.6894683837890625,-0.9436187744140625,0.0008392333984375,8189.886673416667,4.021924786681405,-1.507237324219066,-2.557190181879459
2015-05-21 13:10:53.949,55,1432177853.286216,-33.88897052969214,151.1932511163421,14.05029,0,306.9140625,8,5,-9999,1432177853.94546,14.51312255859375,52.40428924560547,-15.63753890991211,5.842607498168945,353.2920227050781,15,8189.951105416667,-0.34228515625,-1.002822875976562,0.0699005126953125,8189.952927416667,-0.3529042644779971,-1.01850571887652,-3.711143474849082
2015-05-21 13:10:54.009,56,1432177853.286216,-33.88897052969214,151.1932511163421,14.05029,0,306.9140625,8,5,-9999,1432177853.984691,5.906768798828125,53.40338897705078,-16.53305053710938,16.45311164855957,3.90252685546875,15,8190.009323416667,-0.06298828125,-0.873626708984375,-0.0612030029296875,8189.986056416667,-1.671133584024722,-0.6207136079091283,-3.633969860148548
2015-05-21 13:10:54.065,57,1432177853.286216,-33.88897052969214,151.1932511163421,14.05029,0,306.9140625,8,5,-9999,1432177854.024479,-1.800994873046875,54.54029083251953,-13.78019332885742,26.21076202392578,13.66017818450928,15,8190.067548416667,-0.0043182373046875,-0.9320831298828125,-0.354736328125,8190.052292416667,-3.231884200871731,-0.6772850084168096,-1.647279916456991
2015-05-21 13:10:54.123,58,1432177853.286216,-33.88897052969214,151.1932511163421,14.05029,0,306.9140625,8,5,-9999,1432177854.103121,-11.68624877929688,55.84945297241211,-1.442073822021484,38.87173461914062,26.32115173339844,15,8190.125778416667,0.1006927490234375,-1.0662841796875,-0.611083984375,8190.118515416667,-3.469356411061333,-1.64899552483122,-0.06661311571393397
2015-05-21 13:10:54.181,59,1432177853.286216,-33.88897052969214,151.1932511163421,14.05029,0,306.9140625,8,5,-9999,1432177854.143195,-12.72311401367188,55.09151458740234,6.319007873535156,41.70437622070312,29.15378952026367,15,8190.184006416667,0.001861572265625,-0.7393951416015625,-0.9002838134765625,8190.184769416667,-2.204255291048926,-0.7701329240291142,2.911744008336651
2015-05-21 13:10:54.248,60,1432177853.286216,-33.88897052969214,151.1932511163421,14.05029,0,306.9140625,8,5,-9999,1432177854.221068,-4.220458984375,51.71525573730469,18.65713500976562,37.14421081542969,24.59362411499023,15,8190.242204416667,-0.0503692626953125,-0.680908203125,-0.732757568359375,8190.217881416667,-1.647996040474114,-0.8803925868483568,3.982247414864751
2015-05-21 13:10:54.297,61,1432177854.242906,-33.88897052969214,151.1932511163421,14.13684,0,306.9140625,8,5,-9999,1432177854.260426,5.52655029296875,49.44144439697266,21.90750312805176,28.82874488830566,16.27816009521484,15,8190.300431416667,-0.4009552001953125,-0.3111724853515625,-0.91796875,8190.284104416667,0.6053804579329971,-0.522260537150534,5.936051846467682
2015-05-21 13:10:54.356,62,1432177854.242906,-33.88897052969214,151.1932511163421,14.13684,0,306.9140625,8,5,-9999,1432177854.33742,27.61282348632812,43.55020904541016,20.21598434448242,3.810564041137695,351.2599792480469,15,8190.358658416667,-0.819732666015625,-0.267974853515625,-0.652313232421875,8190.350357416667,5.07690009984158,-0.8614103735465989,4.932425741233653
2015-05-21 13:10:54.414,63,1432177854.242906,-33.88897052969214,151.1932511163421,14.13684,0,306.9140625,8,5,-9999,1432177854.376791,36.21920776367188,39.24374771118164,14.47809219360352,350.2046813964844,337.6540832519531,15,8190.416886416667,-0.610321044921875,-0.2068328857421875,-0.6499786376953125,8190.416580416667,5.512698715357709,-2.483775619057572,2.376038502422853
2015-05-21 13:10:54.486,64,1432177854.242906,-33.88897052969214,151.1932511163421,14.13684,0,306.9140625,8,5,-9999,1432177854.455922,46.79576110839844,29.80399322509766,-4.957767486572266,322.6882019042969,310.1376037597656,15,8190.475103416667,-1.064529418945312,-0.301910400390625,-0.016357421875,8190.449692416667,4.776794335554948,-3.427655569448437,0.8089943032877683
2015-05-21 13:10:54.530,65,1432177854.242906,-33.88897052969214,151.1932511163421,14.13684,0,306.9140625,8,5,-9999,1432177854.494893,46.5538330078125,25.63533782958984,-15.27270889282227,315.7235717773438,303.1729736328125,15,8190.533341416667,-0.9108734130859375,-0.379547119140625,0.0989837646484375,8190.515941416667,4.014860751889969,-2.98324695412808,-0.4241952226466553
2015-05-21 13:10:54.589,66,1432177854.242906,-33.88897052969214,151.1932511163421,14.13684,0,306.9140625,8,5,-9999,1432177854.573683,39.19174194335938,20.36423492431641,-34.01205444335938,308.3934326171875,295.8428344726562,15,8190.591539416667,-0.802398681640625,-0.520904541015625,0.4163970947265625,8190.582169416667,1.90994935898427,-4.615180937435707,-3.126124481346395
2015-05-21 13:10:54.647,67,1432177854.242906,-33.88897052969214,151.1932511163421,14.13684,0,306.9140625,8,5,-9999,1432177854.61297,31.4149169921875,19.15843200683594,-40.81129455566406,312.5278625488281,299.9772644042969,15,8190.649766416667,-0.3749847412109375,-0.621734619140625,0.690948486328125,8190.648421416668,1.442588023492956,-4.642820821125204,-3.626325522555585
2015-05-21 13:10:54.705,68,1432177854.242906,-33.88897052969214,151.1932511163421,14.13684,0,306.9140625,8,5,-9999,1432177854.69173,8.8792724609375,18.46939086914062,-49.70003509521484,257.1981201171875,244.6475219726562,15,8190.707993416667,-0.1213226318359375,-0.674957275390625,0.758331298828125,8190.681534416667,0.6949918338725284,-3.332560478508323,-3.572027396354395
2015-05-21 13:10:54.763,69,1432177854.242906,-33.88897052969214,151.1932511163421,14.13684,0,306.9140625,8,5,-9999,1432177854.731377,-0.07269287109375,17.67699813842773,-50.59554290771484,238.0179290771484,225.4673461914062,15,8190.766220416667,-0.1895294189453125,-0.7397613525390625,0.835296630859375,8190.747757416667,-0.06757105475803547,-1.748807606694082,-2.624804912479372
2015-05-21 13:10:54.821,70,1432177854.242906,-33.88897052969214,151.1932511163421,14.13684,0,306.9140625,8,5,-9999,1432177854.809807,-12.2391357421875,18.84835052490234,-49.06985473632812,219.3411407470703,206.7905578613281,15,8190.824449416667,0.1426849365234375,-0.7853546142578125,0.7149200439453125,8190.814000416667,-2.896895553678914,-1.055879988982474,-3.212138991917665
2015-05-21 13:10:54.885,71,1432177854.242906,-33.88897052969214,151.1932511163421,14.13684,0,306.9140625,8,5,-9999,1432177854.849098,-17.04354858398438,22.05235290527344,-46.58232879638672,56.19367218017578,43.64308547973633,15,8190.882676416667,0.487030029296875,-0.6833038330078125,0.5028228759765625,8190.880256416667,-4.965664654798932,-0.4358108660571449,-2.908675514128662
2015-05-21 13:10:54.938,72,1432177854.242906,-33.88897052969214,151.1932511163421,14.13684,0,306.9140625,8,5,-9999,1432177854.929135,-24.440185546875,33.00798797607422,-38.09157562255859,61.17951202392578,48.62892913818359,15,8190.940904416667,0.3731842041015625,-0.99456787109375,0.1999053955078125,8190.913376416667,-4.608675367524862,-1.222872173555348,-1.617109497099702
2015-05-21 13:10:54.996,73,1432177854.242906,-33.88897052969214,151.1932511163421,14.13684,0,306.9140625,8,5,-9999,1432177854.968039,-26.72140502929688,38.79586410522461,-32.18784332275391,60.12908172607422,47.57849884033203,15,8190.999132416667,0.3256072998046875,-0.8032073974609375,-0.1247100830078125,8190.979614416668,-4.301698647625827,-0.5893682018788957,-0.04051360439893942
2015-05-21 13:10:55.054,74,1432177854.242906,-33.88897052969214,151.1932511163421,14.13684,0,306.9140625,8,5,-9999,1432177855.046464,-27.959228515625,46.38200378417969,-18.26390838623047,54.15740203857422,41.60681915283203,15,8191.057358416667,0.4486846923828125,-0.8326263427734375,-0.2222442626953125,8191.045826416667,-2.999630454838139,-0.4794803163478282,0.646242936434737
2015-05-21 13:10:55.125,75,1432177854.242906,-33.88897052969214,151.1932511163421,14.13684,0,306.9140625,8,5,-9999,1432177855.085485,-27.26803588867188,48.38009643554688,-11.62988662719727,51.06895446777344,38.51836776733398,15,8191.115601416667,0.3725738525390625,-0.7965850830078125,-0.38580322265625,8191.112076416667,-2.960733389220877,-0.6325186020731226,0.6411959798529278
2015-05-21 13:10:55.171,76,1432177854.242906,-33.88897052969214,151.1932511163421,14.13684,0,306.9140625,8,5,-9999,1432177855.164216,-24.6068115234375,50.75713729858398,0.6098670959472656,46.08713531494141,33.53655242919922,15,8191.173844416667,0.27508544921875,-0.7454071044921875,-0.50750732421875,8191.145188416667,-2.957599647566181,-0.7129194353826148,1.13995758249293
2015-05-21 13:10:55.229,77,1432177854.242906,-33.88897052969214,151.1932511163421,14.13684,0,306.9140625,8,5,-9999,1432177855.203579,-22.22207641601562,51.27388000488281,6.281949996948242,43.20310592651367,30.65252113342285,15,8191.232054416667,0.2610015869140625,-0.7935943603515625,-0.659149169921875,8191.211430416667,-2.085967262807531,-0.7045749527390696,1.253977096139146
2015-05-21 13:10:55.289,78,1432177855.263057,-33.88897052969214,151.1932511163421,14.22644,0,306.9140625,12,5,-9999,1432177855.28429,-16.17379760742188,50.2059326171875,16.39882659912109,37.69818115234375,25.14759826660156,15,8191.290299416667,0.2197113037109375,-0.6538543701171875,-0.773345947265625,8191.277664416667,-2.288937155810721,-0.7951410719293942,1.624887259063278
2015-05-21 13:10:55.347,79,1432177855.263057,-33.88897052969214,151.1932511163421,14.22644,0,306.9140625,12,5,-9999,1432177855.319929,-12.37200927734375,49.31024169921875,21.70603942871094,34.32633972167969,21.77575492858887,15,8191.348527416667,0.0164642333984375,-0.539306640625,-0.795196533203125,8191.343918416667,-2.154718630560689,-0.7940126905755276,1.63092943894445
2015-05-21 13:10:55.404,80,1432177855.263057,-33.88897052969214,151.1932511163421,14.22644,0,306.9140625,12,5,-9999,1432177855.39974,-4.733917236328125,45.3485107421875,29.50100517272949,27.41461944580078,14.86403465270996,15,8191.406754416667,-0.1053924560546875,-0.360076904296875,-0.9317474365234375,8191.377033416667,-2.297672856818399,-0.2160947498034275,0.8963028438327081
2015-05-21 13:10:55.462,81,1432177855.263057,-33.88897052969214,151.1932511163421,14.22644,0,306.9140625,12,5,-9999,1432177855.438019,-2.66021728515625,43.48822784423828,33.01703643798828,25.01698303222656,12.46639919281006,15,8191.464981416667,-0.01690673828125,-0.3194122314453125,-0.944854736328125,8191.443253416667,-1.253947801367155,0.03565386804176283,0.1665405124519962
2015-05-21 13:10:55.525,82,1432177855.263057,-33.88897052969214,151.1932511163421,14.22644,0,306.9140625,12,5,-9999,1432177855.516582,-1.934478759765625,39.66429138183594,36.23453521728516,23.99939727783203,11.44881343841553,15,8191.523210416667,-0.0374298095703125,-0.294708251953125,-0.9459686279296875,8191.509507416667,-0.09276402603796705,0.09181966911542495,0.03629568986447192
2015-05-21 13:10:55.578,83,1432177855.263057,-33.88897052969214,151.1932511163421,14.22644,0,306.9140625,12,5,-9999,1432177855.556003,-2.141815185546875,39.11309814453125,36.69891357421875,24.03202247619629,11.48143768310547,15,8191.581437416668,0.0474700927734375,-0.33758544921875,-1.014816284179688,8191.575730416667,0.08057819983809147,0.2254381841718616,-0.1751110974720892
2015-05-21 13:10:55.637,84,1432177855.263057,-33.88897052969214,151.1932511163421,14.22644,0,306.9140625,12,5,-9999,1432177855.63478,-3.593414306640625,38.42410278320312,36.76525497436523,24.8102970123291,12.25971221923828,15,8191.639661416667,-0.0015869140625,-0.2928619384765625,-1.030685424804688,8191.641983416667,-1.10126957502124,-0.2325560148173163,0.4852471253722858
2015-05-21 13:10:55.695,85,1432177855.263057,-33.88897052969214,151.1932511163421,14.22644,0,306.9140625,12,5,-9999,1432177855.674622,-2.93670654296875,36.66716003417969,38.45693206787109,23.7149486541748,11.16436386108398,15,8191.697910416668,0.007110595703125,-0.17999267578125,-0.9335174560546875,8191.675095416667,-1.261173756352867,0.01570306305154322,0.7045184937239598
2015-05-21 13:10:55.766,86,1432177855.263057,-33.88897052969214,151.1932511163421,14.22644,0,306.9140625,12,5,-9999,1432177855.752761,-0.690277099609375,30.50064468383789,43.1339111328125,20.74920272827148,8.198617935180664,15,8191.756146416667,0.189666748046875,-0.097137451171875,-0.985992431640625,8191.741318416667,-2.109567663755595,-0.289715174977578,0.8982581367050443
2015-05-21 13:10:55.811,87,1432177855.263057,-33.88897052969214,151.1932511163421,14.22644,0,306.9140625,12,5,-9999,1432177855.791968,0.440460205078125,27.22506332397461,45.35579681396484,17.42046928405762,4.869884490966797,10,8191.814378416667,-0.121551513671875,-0.0539093017578125,-1.014877319335938,8191.807567416668,-0.9540574868127115,0.09926533489106848,0.3901903839518695
2015-05-21 13:10:55.870,88,1432177855.263057,-33.88897052969214,151.1932511163421,14.22644,0,306.9140625,12,5,-9999,1432177855.83172,1.75372314453125,24.33140563964844,46.68268585205078,15.13290309906006,2.582318544387817,10,8191.872600416667,0.0170440673828125,-0.03436279296875,-1.080841064453125,8191.873795416667,-0.6760642153731172,-0.09882191856957029,0.3326482612268544
2015-05-21 13:10:55.928,89,1432177855.263057,-33.88897052969214,151.1932511163421,14.22644,0,306.9140625,12,5,-9999,1432177855.910281,0.993438720703125,20.54207992553711,49.46915817260742,15.62999725341797,3.079412460327148,10,8191.930833416667,-0.2046661376953125,0.05682373046875,-0.7300872802734375,8191.906937416667,-0.3290223674027116,0.5641544579424616,0.4703856212252076
2015-05-21 13:10:55.987,90,1432177855.263057,-33.88897052969214,151.1932511163421,14.22644,0,306.9140625,12,5,-9999,1432177855.949778,0.71697998046875,19.09524154663086,49.53549957275391,14.45424461364746,1.903659343719482,10,8191.989061416667,-0.001953125,0.1619720458984375,-0.787353515625,8191.973160416667,-2.515241666285185,0.4626965425259308,-0.3486725015058612
2015-05-21 13:10:56.044,91,1432177855.263057,-33.88897052969214,151.1932511163421,14.22644,0,306.9140625,12,5,-9999,1432177856.028933,-0.73455810546875,9.863075256347656,51.45948791503906,13.78428554534912,1.233700394630432,10,8192.047288416667,-0.0167999267578125,0.361663818359375,-0.866119384765625,8192.039414416668,-3.132451086831987,1.022689544949035,-0.2430430105578304
2015-05-21 13:10:56.102,92,1432177855.263057,-33.88897052969214,151.1932511163421,14.22644,0,306.9140625,12,5,-9999,1432177856.067959,-2.877288818359375,2.628913879394531,52.18928146362305,14.98318767547607,2.432602643966675,10,8192.105545416667,0.069915771484375,0.5557098388671875,-0.9453887939453125,8192.105637416667,-3.562821647414318,1.274876519109652,-0.006440056148029614
2015-05-21 13:10:56.165,93,1432177855.263057,-33.88897052969214,151.1932511163421,14.22644,0,306.9140625,12,5,-9999,1432177856.146672,-7.128173828125,-14.00965118408203,50.36480712890625,15.93599796295166,3.38541316986084,10,8192.163773416667,0.266387939453125,0.829071044921875,-0.8271942138671875,8192.138766416667,-4.017063452427575,1.512963386878845,-0.1506305217837538
2015-05-21 13:10:56.219,94,1432177855.263057,-33.88897052969214,151.1932511163421,14.22644,0,306.9140625,12,5,-9999,1432177856.185985,-9.720184326171875,-22.86288452148438,47.27978515625,16.84448432922363,4.293900012969971,10,8192.222000416667,0.36328125,0.8876800537109375,-0.631927490234375,8192.205002416667,-4.679143142600577,0.8911142070809067,0.1385690652067849
2015-05-21 13:10:56.278,95,1432177855.263057,-33.88897052969214,151.1932511163421,14.22644,0,306.9140625,12,5,-9999,1432177856.264605,-14.17852783203125,-38.60580444335938,36.49879837036133,17.14484786987305,4.59426212310791,10,8192.280227416668,0.2835693359375,1.106491088867188,-0.4090576171875,8192.271225416667,-3.217183817970602,0.8966618379476508,0.4906634623972889
2015-05-21 13:10:56.335,96,1432177856.279,-33.88897052969214,151.1932511163421,14.37683,0,306.9140625,12,5,-9999,1432177856.302353,-15.90652465820312,-44.11754608154297,30.92586135864258,14.8915376663208,2.34095287322998,10,8192.338456416666,0.3286285400390625,0.7971649169921875,0.0057373046875,8192.337464416667,-3.727180231985213,1.097599472723001,0.1522606426869913
2015-05-21 13:10:56.405,97,1432177856.279,-33.88897052969214,151.1932511163421,14.37683,0,306.9140625,12,5,-9999,1432177856.381075,-19.22430419921875,-51.28282165527344,17.19254493713379,14.63117504119873,2.080590009689331,10,8192.396684416668,0.2684326171875,1.2537841796875,0.3140411376953125,8192.370591416668,-5.859201539523483,1.698127384833765,-0.708826423103272
2015-05-21 13:10:56.452,98,1432177856.279,-33.88897052969214,151.1932511163421,14.37683,0,306.9140625,12,5,-9999,1432177856.421016,-19.984619140625,-53.76309967041016,4.520740509033203,16.44129180908203,3.89070725440979,10,8192.454911416668,0.0689849853515625,1.1456298828125,0.6141204833984375,8192.436814416667,-7.195466584920552,1.498047554245529,-0.4884402555192908
2015-05-21 13:10:56.510,99,1432177856.279,-33.88897052969214,151.1932511163421,14.37683,0,306.9140625,12,5,-9999,1432177856.499537,-16.701416015625,-51.86845397949219,-22.78002166748047,197.2294006347656,184.6788177490234,10,8192.513140416668,-0.08868408203125,0.382110595703125,0.5992584228515625,8192.503067416666,-4.170955547598348,1.235050010271953,-2.544038693468321
2015-05-21 13:10:56.568,100,1432177856.279,-33.88897052969214,151.1932511163421,14.37683,0,306.9140625,12,5,-9999,1432177856.538658,-11.06808471679688,-48.87145233154297,-31.37163543701172,218.3531646728516,205.8025817871094,10,8192.571367416667,-0.1852874755859375,0.5001220703125,0.7421112060546875,8192.569290416666,0.1626088877347122,1.302858352683115,-5.813621004834559
2015-05-21 13:10:56.627,101,1432177856.279,-33.88897052969214,151.1932511163421,14.37683,0,306.9140625,12,5,-9999,1432177856.618062,8.700347900390625,-49.00926208496094,-33.42832183837891,195.4183349609375,182.8677520751953,10,8192.629593416666,-0.3628387451171875,0.4656524658203125,0.4615631103515625,8192.602402416667,2.066729652357234,1.405922154236963,-5.626488131885743
2015-05-21 13:10:56.685,102,1432177856.279,-33.88897052969214,151.1932511163421,14.37683,0,306.9140625,12,5,-9999,1432177856.656777,20.93472290039062,-49.69822692871094,-27.19194030761719,179.2239990234375,166.6734161376953,10,8192.687822416667,-0.0344085693359375,0.75347900390625,0.488922119140625,8192.668659416668,7.655960693224987,1.101526836382541,-5.390092105092641
2015-05-21 13:10:56.743,103,1432177856.279,-33.88897052969214,151.1932511163421,14.37683,0,306.9140625,12,5,-9999,1432177856.73553,37.10891723632812,-46.87345123291016,-0.1233749389648438,68.28513336181641,55.73455047607422,10,8192.746048416668,-0.2731781005859375,0.6993560791015625,0.454742431640625,8192.734890416667,7.875491453466835,2.825366242592694,0.8562837884481964
2015-05-21 13:10:56.805,104,1432177856.279,-33.88897052969214,151.1932511163421,14.37683,0,306.9140625,12,5,-9999,1432177856.774862,35.86474609375,-44.59983825683594,15.1358642578125,58.09561157226562,45.54502868652344,10,8192.804277416668,-0.3410186767578125,0.8910369873046875,-0.1147308349609375,8192.801132416667,2.524597351194633,4.457054948763925,4.612256253926582
2015-05-21 13:10:56.859,105,1432177856.279,-33.88897052969214,151.1932511163421,14.37683,0,306.9140625,12,5,-9999,1432177856.853566,14.471923828125,-43.80751800537109,33.87819290161133,39.89180755615234,27.34122276306152,10,8192.862503416667,0.0965423583984375,1.061050415039062,-0.4622955322265625,8192.834244416666,1.207459927694841,3.978416457636671,6.327664358441654
2015-05-21 13:10:56.918,106,1432177856.279,-33.88897052969214,151.1932511163421,14.37683,0,306.9140625,12,5,-9999,1432177856.892996,-1.5294189453125,-42.39513397216797,36.56514358520508,31.68962669372559,19.13904190063477,10,8192.920717416668,0.4344635009765625,1.322540283203125,-0.4070892333984375,8192.900488416668,0.1864702784696041,2.151476231933518,7.571749409027809
2015-05-21 13:10:56.976,107,1432177856.279,-33.88897052969214,151.1932511163421,14.37683,0,306.9140625,12,5,-9999,1432177856.971948,-27.34588623046875,-33.61078643798828,33.01570892333984,2.69359016418457,350.1430053710938,10,8192.978928416667,0.368621826171875,1.064407348632812,-0.064910888671875,8192.966721416667,-3.578319380745816,0.07451151887489098,4.963856901050986
2015-05-21 13:10:57.047,108,1432177856.279,-33.88897052969214,151.1932511163421,14.37683,0,306.9140625,12,5,-9999,1432177857.011466,-33.912353515625,-31.68167114257812,28.37159729003906,345.0413818359375,332.4907836914062,10,8193.037156416667,0.71759033203125,0.89996337890625,0.0318756103515625,8193.032975416667,-4.882229948375621,0.6100183529713702,2.019257208029918
2015-05-21 13:10:57.092,109,1432177856.279,-33.88897052969214,151.1932511163421,14.37683,0,306.9140625,12,5,-9999,1432177857.089877,-41.20452880859375,-32.54288482666016,19.24922370910645,321.7858581542969,309.2352600097656,10,8193.095413416668,0.8018341064453125,0.47607421875,-0.099273681640625,8193.066086416668,-2.990165047691779,-0.2092829163672229,2.486039305984139
2015-05-21 13:10:57.151,110,1432177856.279,-33.88897052969214,151.1932511163421,14.37683,0,306.9140625,12,5,-9999,1432177857.129213,-43.55465698242188,-29.85591125488281,18.58578109741211,309.2331848144531,296.6825866699219,10,8193.153641416668,0.918548583984375,0.3764495849609375,-0.0639495849609375,8193.132323416667,0.2013317826166823,-1.710914020175563,2.38249507016964
2015-05-21 13:10:57.209,111,1432177856.279,-33.88897052969214,151.1932511163421,14.37683,0,306.9140625,12,5,-9999,1432177857.207811,-43.55465698242188,-19.314697265625,24.95485305786133,295.1683959960938,282.6177978515625,10,8193.211868416667,0.784515380859375,0.1018829345703125,-0.3191375732421875,8193.198563416667,1.264505104560447,-3.285217730126094,2.330425477168629
2015-05-21 13:10:57.268,112,1432177856.279,-33.88897052969214,151.1932511163421,14.37683,0,306.9140625,12,5,-9999,1432177857.247587,-40.27142333984375,-13.83740997314453,30.89268684387207,291.2153625488281,278.6647644042969,10,8193.270067416666,0.86053466796875,0.1074066162109375,-0.3983612060546875,8193.264786416667,1.095924344397341,-3.195927797730135,1.0062298778318
2015-05-21 13:10:57.326,113,1432177856.279,-33.88897052969214,151.1932511163421,14.37683,0,306.9140625,12,5,-9999,1432177857.287765,-36.05508422851562,-9.359115600585938,36.99637985229492,288.4089660644531,275.8583679199219,10,8193.328306416668,0.7774810791015625,0.0727386474609375,-0.55908203125,8193.297895416667,0.2079204431535384,-2.299727219283286,0.432756220286824
2015-05-21 13:10:57.384,114,1432177857.327787,-33.88897052969214,151.1932511163421,14.5058,0,306.9140625,12,5,-9999,1432177857.365109,-27.8297119140625,-5.7764892578125,44.09524536132812,286.9933776855469,274.4427795410156,10,8193.386522416668,0.7890625,0.097900390625,-0.7293243408203125,8193.364151416667,0.4139210134772386,-2.895784216556025,0.05796050533226652
2015-05-21 13:10:57.446,115,1432177857.327787,-33.88897052969214,151.1932511163421,14.5058,0,306.9140625,12,5,-9999,1432177857.44331,-17.18515014648438,-5.914283752441406,48.67301559448242,285.5339660644531,272.9833679199219,10,8193.444773791667,0.7607421875,0.0380401611328125,-0.917724609375,8193.430386791668,-0.2691068355142179,-2.15565526431607,-0.6103901302595452
2015-05-21 13:10:57.500,116,1432177857.327787,-33.88897052969214,151.1932511163421,14.5058,0,306.9140625,12,5,-9999,1432177857.482479,-11.13711547851562,-5.466461181640625,50.43114852905273,286.7004089355469,274.1498107910156,10,8193.503018791667,0.40423583984375,0.1167144775390625,-0.7475128173828125,8193.496640791667,1.80219626338301,-2.419296494325118,-0.714707748054603
2015-05-21 13:10:57.559,117,1432177857.327787,-33.88897052969214,151.1932511163421,14.5058,0,306.9140625,12,5,-9999,1432177857.521813,-6.22955322265625,-3.330657958984375,51.69169616699219,287.1417846679688,274.5911865234375,10,8193.561224791667,0.46502685546875,0.0671234130859375,-0.9002838134765625,8193.562863791667,0.6828739182804499,-1.521291091607523,-0.3277986448818201
2015-05-21 13:10:57.616,118,1432177857.327787,-33.88897052969214,151.1932511163421,14.5058,0,306.9140625,12,5,-9999,1432177857.602105,1.546539306640625,0.6309051513671875,52.18927764892578,290.4229125976562,277.872314453125,10,8193.619474791667,0.46600341796875,0.0216522216796875,-0.9367828369140625,8193.595975791668,0.6095512345161702,-1.589843521227252,-0.540170561797426
2015-05-21 13:10:57.686,119,1432177857.327787,-33.88897052969214,151.1932511163421,14.5058,0,306.9140625,12,5,-9999,1432177857.679654,6.454071044921875,2.835594177246094,51.99024200439453,292.692138671875,280.1415405273438,10,8193.677702791667,0.24114990234375,-0.0153045654296875,-0.9073028564453125,8193.662228791667,0.4315820325622081,-1.230493341646827,-0.05256627254431102
2015-05-21 13:10:57.733,120,1432177857.327787,-33.88897052969214,151.1932511163421,14.5058,0,306.9140625,12,5,-9999,1432177857.718572,8.49310302734375,3.696807861328125,51.62534332275391,293.2510070800781,280.7004089355469,10,8193.735929791666,0.225067138671875,0.004425048828125,-1.068603515625,8193.728452791667,0.2786822312135978,-1.088497587065438,-0.1015274239209818
2015-05-21 13:10:57.791,121,1432177857.327787,-33.88897052969214,151.1932511163421,14.5058,0,306.9140625,12,5,-9999,1432177857.757983,11.0159912109375,4.626907348632812,50.39797592163086,294.1162719726562,281.565673828125,10,8193.794156791668,0.27252197265625,-0.0414886474609375,-0.9380645751953125,8193.794705791666,-0.2325368400574678,-0.8517462945829194,0.1640669684315306
2015-05-21 13:10:57.849,122,1432177857.327787,-33.88897052969214,151.1932511163421,14.5058,0,306.9140625,12,5,-9999,1432177857.836625,15.88900756835938,5.14361572265625,49.36963653564453,294.3837890625,281.8331909179688,10,8193.852383791667,0.1278228759765625,-0.0630340576171875,-1.007476806640625,8193.827817791667,-0.1965732463809287,-0.9698132804538383,-0.05542038228454894
2015-05-21 13:10:57.908,123,1432177857.327787,-33.88897052969214,151.1932511163421,14.5058,0,306.9140625,12,5,-9999,1432177857.876303,17.68612670898438,4.661346435546875,48.70619201660156,294.0285949707031,281.4779968261719,10,8193.910611791667,0.1118927001953125,-0.0786285400390625,-1.017410278320312,8193.894071791667,0.3595690914220294,-1.153449955523598,0.148956192406421
2015-05-21 13:10:57.967,124,1432177857.327787,-33.88897052969214,151.1932511163421,14.5058,0,306.9140625,12,5,-9999,1432177857.955609,21.93704223632812,4.626899719238281,48.34129333496094,292.4926147460938,279.9420166015625,10,8193.968840791667,0.0293731689453125,-0.065704345703125,-0.9836883544921875,8193.960294791666,-0.4017623515204818,-0.8008418345588177,0.1962688470683327
2015-05-21 13:10:58.024,125,1432177857.327787,-33.88897052969214,151.1932511163421,14.5058,0,306.9140625,12,5,-9999,1432177857.994201,23.73419189453125,4.489097595214844,48.07592010498047,292.3853149414062,279.834716796875,10,8194.027085791668,-0.014007568359375,-0.0104522705078125,-1.0020751953125,8194.026519791667,-0.2060421156367055,-0.5540416363351036,-0.02042910872199784
2015-05-21 13:10:58.086,126,1432177857.327787,-33.88897052969214,151.1932511163421,14.5058,0,306.9140625,12,5,-9999,1432177858.073728,26.42987060546875,3.042274475097656,46.94806289672852,291.4814453125,278.9308471679688,10,8194.085312791667,0.003143310546875,-0.035491943359375,-1.008026123046875,8194.059659791666,-0.1628187448286104,-0.4536676274822352,0.05863721456525566
2015-05-21 13:10:58.141,127,1432177857.327787,-33.88897052969214,151.1932511163421,14.5058,0,306.9140625,12,5,-9999,1432177858.112438,27.3975830078125,2.422195434570312,46.81537246704102,290.5650024414062,278.014404296875,10,8194.143552791667,-0.0322113037109375,-0.029632568359375,-1.02130126953125,8194.125882791666,-0.1641042526867917,-0.2257862593263349,0.09873563215025173
2015-05-21 13:10:58.200,128,1432177857.327787,-33.88897052969214,151.1932511163421,14.5058,0,306.9140625,12,5,-9999,1432177858.190981,27.88143920898438,1.388755798339844,45.88655090332031,288.6254272460938,276.0748291015625,10,8194.201766791668,-0.03680419921875,0.0258331298828125,-1.002044677734375,8194.192136791668,-0.07658825189293476,-0.1463817145806414,0.0940865518353004
2015-05-21 13:10:58.258,129,1432177857.327787,-33.88897052969214,151.1932511163421,14.5058,0,306.9140625,12,5,-9999,1432177858.230484,28.05422973632812,0.94091796875,45.91972351074219,287.8418579101562,275.291259765625,10,8194.260003791667,-0.035186767578125,-0.003814697265625,-1.042251586914062,8194.258354791667,-0.07278738838517368,-0.08449917191101514,0.1772711874322524
2015-05-21 13:10:58.329,130,1432177857.327787,-33.88897052969214,151.1932511163421,14.5058,0,306.9140625,12,5,-9999,1432177858.308088,28.08877563476562,0.4930953979492188,46.61634063720703,287.0303344726562,274.479736328125,10,8194.318234791666,-0.056243896484375,0.019561767578125,-1.035888671875,8194.291470791668,-0.1200750093328386,0.04048138014974946,0.1162800047794757
2015-05-21 13:10:58.373,131,1432177857.327787,-33.88897052969214,151.1932511163421,14.5058,0,306.9140625,12,5,-9999,1432177858.347102,27.74319458007812,-0.1958770751953125,46.01923751831055,286.3862609863281,273.8356628417969,10,8194.376462791668,-0.0435028076171875,0.017181396484375,-1.009445190429688,8194.357724791667,-0.1556404604264108,0.1026550063265213,0.02586462050684956
2015-05-21 13:10:58.432,132,1432177858.373981,-33.88897052969214,151.1932511163421,14.52094,0,306.9140625,12,5,-9999,1432177858.425477,28.05426025390625,-0.5059127807617188,45.98606109619141,285.9700927734375,273.4194946289062,10,8194.434690791668,-0.0189056396484375,0.025115966796875,-1.035125732421875,8194.423965791668,-0.06663282310600055,0.3056264972263654,-0.07087949978024091
2015-05-21 13:10:58.490,133,1432177858.373981,-33.88897052969214,151.1932511163421,14.52094,0,306.9140625,12,5,-9999,1432177858.464799,27.19024658203125,-0.6092605590820312,46.48365020751953,285.947509765625,273.3969116210938,10,8194.492918791668,0.13397216796875,-0.05963134765625,-1.06707763671875,8194.490201791667,-0.2254120851931788,1.7039969918763,-0.3385615441112664
2015-05-21 13:10:58.566,134,1432177858.373981,-33.88897052969214,151.1932511163421,14.52094,0,306.9140625,12,5,-9999,1432177858.543224,19.79434204101562,-1.160438537597656,48.93839645385742,287.0163269042969,274.4657287597656,10,8194.551145791667,0.33740234375,0.035400390625,-1.068283081054688,8194.523312791667,-0.3607547307393327,2.623159345241812,0.09876625850278764
2015-05-21 13:10:58.607,135,1432177858.373981,-33.88897052969214,151.1932511163421,14.52094,0,306.9140625,12,5,-9999,1432177858.583553,12.951416015625,-2.607261657714844,51.19410705566406,286.04736328125,273.4967651367188,10,8194.609383791667,0.60052490234375,0.1066741943359375,-1.163955688476562,8194.589536791667,-0.7985099707083444,4.760407372735473,0.7626292013417069
2015-05-21 13:10:58.665,136,1432177858.373981,-33.88897052969214,151.1932511163421,14.52094,0,306.9140625,12,5,-9999,1432177858.662007,-5.054473876953125,-2.848403930664062,51.82437896728516,283.5755920410156,271.0249938964844,10,8194.667600791667,0.6248931884765625,0.07513427734375,-0.740203857421875,8194.655789791666,1.255695633990574,3.550951405803617,1.718518676668284
2015-05-21 13:10:58.726,137,1432177858.373981,-33.88897052969214,151.1932511163421,14.52094,0,306.9140625,12,5,-9999,1432177858.700874,-12.79598999023438,-0.09253692626953125,49.900390625,281.3201599121094,268.7695617675781,10,8194.725816791668,0.7927093505859375,-0.1478271484375,-1.08489990234375,8194.722017791668,1.088881082262409,3.521141844774033,2.634212795346186
2015-05-21 13:10:58.781,138,1432177858.373981,-33.88897052969214,151.1932511163421,14.52094,0,306.9140625,12,5,-9999,1432177858.779739,-23.82070922851562,10.34532928466797,44.16159057617188,277.6227111816406,265.0721130371094,10,8194.784049791668,0.67327880859375,-0.26947021484375,-0.398101806640625,8194.755155791667,3.499176624735278,1.006772896378067,2.911065434890899
2015-05-21 13:10:58.840,139,1432177858.373981,-33.88897052969214,151.1932511163421,14.52094,0,306.9140625,12,5,-9999,1432177858.818939,-24.23541259765625,18.61293411254883,41.83953094482422,273.400390625,260.8497924804688,10,8194.842276791667,0.36090087890625,-0.4271087646484375,-0.3226165771484375,8194.821369791667,3.551437432702556,-0.4664971397175829,1.574844065335708
2015-05-21 13:10:58.897,140,1432177858.373981,-33.88897052969214,151.1932511163421,14.52094,0,306.9140625,12,5,-9999,1432177858.859741,-22.88754272460938,26.15713119506836,39.28527069091797,275.2589416503906,262.7083435058594,10,8194.900510791667,0.6308441162109375,-0.5406646728515625,-0.374908447265625,8194.887601791666,2.337122262045742,-2.356165728052572,0.1192696694191987
2015-05-21 13:10:58.967,141,1432177858.373981,-33.88897052969214,151.1932511163421,14.52094,0,306.9140625,12,5,-9999,1432177858.937195,-16.63214111328125,35.97492599487305,35.47046279907227,282.308349609375,269.7577514648438,10,8194.958707791668,0.637451171875,-0.6720428466796875,-0.62030029296875,8194.953854791667,1.186426281405395,-2.072176349418664,-0.9898157507692055
2015-05-21 13:10:59.014,142,1432177858.373981,-33.88897052969214,151.1932511163421,14.52094,0,306.9140625,12,5,-9999,1432177858.976832,-14.28204345703125,37.90403366088867,35.66949462890625,287.1767272949219,274.6261291503906,10,8195.016934791667,0.627105712890625,-0.6577606201171875,-0.59088134765625,8194.986981791668,1.372522652057952,-2.031850231560467,-0.1928381629520926
2015-05-21 13:10:59.072,143,1432177858.373981,-33.88897052969214,151.1932511163421,14.52094,0,306.9140625,12,5,-9999,1432177859.055248,-8.40679931640625,42.03783798217773,34.07722473144531,294.6958312988281,282.1452331542969,10,8195.075163791667,0.51519775390625,-0.67950439453125,-0.65155029296875,8195.053220791668,1.383184084849866,-2.962473498677135,0.5644428782885171
2015-05-21 13:10:59.130,144,1432177858.373981,-33.88897052969214,151.1932511163421,14.52094,0,306.9140625,12,5,-9999,1432177859.094603,-3.533782958984375,43.79470825195312,31.52295875549316,297.7129821777344,285.1623840332031,10,8195.133389791667,0.5817108154296875,-0.7847442626953125,-0.541168212890625,8195.119443791667,-0.1710439178553201,-2.992039114150868,0.6543677082883507
2015-05-21 13:10:59.205,145,1432177858.373981,-33.88897052969214,151.1932511163421,14.52094,0,306.9140625,12,5,-9999,1432177859.173365,5.762939453125,44.44922637939453,30.7599983215332,300.6644897460938,288.1138916015625,10,8195.191617791666,0.34130859375,-0.66156005859375,-0.41741943359375,8195.185696791666,-1.260343382724981,-2.533994048784869,0.5491102609446039
2015-05-21 13:10:59.248,146,1432177858.373981,-33.88897052969214,151.1932511163421,14.52094,0,306.9140625,12,5,-9999,1432177859.213198,9.288055419921875,42.58901214599609,32.48495864868164,300.2738952636719,287.7232971191406,10,8195.249857791667,0.21942138671875,-0.5958251953125,-0.7021942138671875,8195.251920791667,-3.093900498472545,-2.355340680746866,-0.09737608841376627
2015-05-21 13:10:59.305,147,1432177858.373981,-33.88897052969214,151.1932511163421,14.52094,0,306.9140625,12,5,-9999,1432177859.291424,15.95819091796875,36.62944412231445,37.42761993408203,304.3487548828125,291.7981567382812,10,8195.308073791668,0.177001953125,-0.531341552734375,-0.979827880859375,8195.285031791667,-2.145914752629105,-1.870046950055503,0.01762426746192638
2015-05-21 13:10:59.368,148,1432177858.373981,-33.88897052969214,151.1932511163421,14.52094,0,306.9140625,12,5,-9999,1432177859.328964,19.44876098632812,32.32339477539062,39.18574905395508,303.8928527832031,291.3422546386719,10,8195.366314791667,0.0228729248046875,-0.4690704345703125,-0.87451171875,8195.351285791667,-1.97156505291267,-1.247528784191737,0.2208175996805741
2015-05-21 13:10:59.422,149,1432177859.347547,-33.88897052969214,151.1932511163421,14.51587,0,306.9140625,12,5,-9999,1432177859.407767,24.01071166992188,24.53805541992188,40.77801895141602,302.8875122070312,290.3369140625,10,8195.424528791667,-0.0554962158203125,-0.197509765625,-0.982757568359375,8195.417508791666,-1.105907203743504,-0.7027205936720473,0.8560281249835487
2015-05-21 13:10:59.480,150,1432177859.347547,-33.88897052969214,151.1932511163421,14.51587,0,306.9140625,12,5,-9999,1432177859.447094,26.11892700195312,21.67884063720703,41.54098510742188,301.5557556152344,289.0051574707031,10,8195.482753791666,-0.040740966796875,-0.2825164794921875,-1.002655029296875,8195.483757791668,-1.511242185866327,-0.2289445020630599,0.6448399831724833
2015-05-21 13:10:59.538,151,1432177859.347547,-33.88897052969214,151.1932511163421,14.51587,0,306.9140625,12,5,-9999,1432177859.525782,28.81454467773438,14.92694854736328,42.73518371582031,298.8982849121094,286.3476867675781,10,8195.540983791667,-0.130462646484375,-0.150299072265625,-0.99444580078125,8195.516873791667,-1.3669718253979,0.03337580004530905,0.6160802402446085
2015-05-21 13:10:59.605,152,1432177859.347547,-33.88897052969214,151.1932511163421,14.51587,0,306.9140625,12,5,-9999,1432177859.565156,28.67626953125,12.10218048095703,43.26593780517578,297.5717163085938,285.0211181640625,10,8195.599211791667,-0.0462646484375,-0.1268768310546875,-1.0379638671875,8195.583096791666,-0.8445525638463973,-0.01416056014816932,0.1491506031659967
2015-05-21 13:10:59.655,153,1432177859.347547,-33.88897052969214,151.1932511163421,14.51587,0,306.9140625,12,5,-9999,1432177859.645293,28.74545288085938,7.89947509765625,44.72551727294922,296.0220031738281,283.4714050292969,10,8195.657437791668,-0.127960205078125,-0.0576629638671875,-1.036849975585938,8195.649350791668,-0.414371886649789,0.1101829637798483,0.2636183268236735
2015-05-21 13:10:59.713,154,1432177859.347547,-33.88897052969214,151.1932511163421,14.51587,0,306.9140625,12,5,-9999,1432177859.684287,28.607177734375,6.590431213378906,45.12358474731445,294.8764038085938,282.3258056640625,10,8195.715665791668,-0.040863037109375,-0.0636749267578125,-1.047744750976562,8195.715566791667,-0.06686531706916447,0.1035990969329544,0.2124590022832514
2015-05-21 13:10:59.771,155,1432177859.347547,-33.88897052969214,151.1932511163421,14.51587,0,306.9140625,12,5,-9999,1432177859.762266,28.74545288085938,4.730209350585938,45.38896179199219,292.6210021972656,280.0704040527344,10,8195.773892791667,-0.07073974609375,-0.0459136962890625,-1.014495849609375,8195.748685791667,-0.10415596391689,0.1487370142487074,0.09023029457686566
2015-05-21 13:10:59.844,156,1432177859.347547,-33.88897052969214,151.1932511163421,14.51587,0,306.9140625,12,5,-9999,1432177859.840822,29.36746215820312,4.31683349609375,45.52165222167969,291.8057250976562,279.255126953125,10,8195.832120791667,-0.0723876953125,-0.034515380859375,-1.012603759765625,8195.814938791667,-0.06848531796025967,0.09167186367492555,0.01277997743907225
2015-05-21 13:10:59.888,157,1432177859.347547,-33.88897052969214,151.1932511163421,14.51587,0,306.9140625,12,5,-9999,1432177859.880076,29.229248046875,4.2479248046875,45.78703308105469,291.6166687011719,279.0660705566406,10,8195.890355791667,-0.066986083984375,-0.032470703125,-1.003662109375,8195.881162791668,-0.1245187599277449,0.1143265761199026,-0.03816842474301564
2015-05-21 13:10:59.945,158,1432177859.347547,-33.88897052969214,151.1932511163421,14.51587,0,306.9140625,12,5,-9999,1432177859.919364,28.88360595703125,4.2479248046875,45.72068786621094,291.69482421875,279.1442260742188,10,8195.948576791667,-0.04595947265625,-0.010833740234375,-1.017959594726562,8195.947419791668,-0.02045041401071847,0.08442966340656408,0.01722399435008747
2015-05-21 13:11:00.007,159,1432177859.347547,-33.88897052969214,151.1932511163421,14.51587,0,306.9140625,12,5,-9999,1432177859.998401,28.19244384765625,3.076675415039062,46.58316802978516,290.3365478515625,277.7859497070312,10,8196.006803791668,-0.0529022216796875,-0.0252685546875,-1.033889770507812,8195.980527791668,-0.08667843663102698,0.05280835388739923,-0.04824529367565746
2015-05-21 13:11:00.062,160,1432177859.347547,-33.88897052969214,151.1932511163421,14.51587,0,306.9140625,12,5,-9999,1432177860.037555,27.95053100585938,3.042236328125,46.94805908203125,290.1534729003906,277.6028747558594,10,8196.065031791668,-0.0515899658203125,-0.009979248046875,-1.001571655273438,8196.046750791667,-0.02220650243351672,0.003606186432076297,-0.004690092995738546
